﻿{"name":"HealthStat","dataColors":["#467382","#874596","#6060D3","#498FE0","#03EF62","#8C8C96","#FE9666","#8334BE","#3599B8","#DFBFBF","#4AC5BB","#5F6B6D","#FB8281","#F4D25A","#7F898A","#A4DDEE","#FDAB89","#B687AC","#28738A","#A78F8F","#168980","#293537","#BB4A4A","#B59525","#475052","#6A9FB0","#BD7150","#7B4F71","#1B4D5C","#706060","#0F5C55","#1C2325"],"background":"#FFFFFF","foreground":"#231F20","tableAccent":"#63787F","textClasses":{"label":{"fontFace":"'Segoe UI Light', wf_segoe-ui_light, helvetica, arial, sans-serif"},"title":{"fontFace":"'Segoe UI Light', wf_segoe-ui_light, helvetica, arial, sans-serif"},"header":{"color":"#874596","fontFace":"'Segoe UI Semibold', wf_segoe-ui_semibold, helvetica, arial, sans-serif"}},"visualStyles":{"*":{"*":{"background":[{"transparency":0}]}},"page":{"*":{"background":[{"color":{"solid":{"color":"#FFFFFF"}},"transparency":100}]}}}}